501,KURU KÖFTE,DRIED MEATBALLS,GETROCKNET KLOPS,СУХИЕ ФРИКАДЕЛЬКИ,0,0,0,0
502,DARÜL ZİYAFE KÖFTE,DARUL ZIYAFE STYLE MEAT BALLS ,FRIKADELLE NACH DARÜL ZİYAFE ART,ФРИКАДЕЛЬКИ ПО ТУР.,0,0,0,0
503,CEVİZLİ KÖFTE,MEAT BALLS WITH WALNUT,FRİKADELLE  MIT WALNUSS,ФРИКАДЕЛЬКИ С ГРЕЦКИМИ ОРЕХАМИ,0,0,0,0
504,SUCUK ŞİŞ IZGARA,TURKISH SAUSAGE KEBAB,TURKISCHE WURST AM SPIESS,КОЛБАСА НА ШАМПУРЕ,0,0,0,0
505,KIYMALI MAKARNA,PASTA WİTH MINCED MEAT,MAKKARONİ MİT HACKFLEISCH,МАКАРОНЫ С ФАРШИРОВАННЫМ МЯСОМ ,0,0,0,0
506,ARNAVUT CİĞERİ,ALBANIAN STYLE LIVER,LEBER,ПЕЧЕНКА ПО АЛБАНСКИ,0,0,0,0
507,PATLICAN BİBER TAVA,FRIED AUBERGINES AND PEPPERS,AUBERGINEN UND PAPRIKA VOM GRILL,ЖАРЕНЫЕ БАКЛАЖАНЫ С ПЕРЦЕМ,0,0,0,0
508,NAR EKŞİLİ YEŞİL SALATA,GREEN SALAD WITH POMEGRANATE,GRÜNER SALAT MIT GRANATAPFEL,САЛАТ С ЗЕЛЕНЬЮ В ГРАНАТОВОМ СОУСЕ,0,0,0,0
509,BALKABAK VE SALСALI ROASTBEEF,ROASTBEEF WITH PUMPKIN AND SALSA SAUCE,ROASTBEEF MIT KÜRBIS UND SALSA SAUCE,РОСТБИФ С ТЫКВОЙ И СОУСОМ ,0,0,0,0
510,ACILI HİNDİ GÖĞSÜ,SPICY TURKEY BREAST,PIKANTE PUTENBRUST,ПРЯНАЯ ГРУДКА ИНДЕЙКИ,0,0,0,0
511,DOMATESLİ BROKOLİ,BROCCOLI WITH TOMATO,BROKKOLI MIT TOMATEN,БРОККОЛИ С ПОМИДОРАМИ,0,0,0,0
512,SOSLAR, SAUCE, SOβE,СОУСЫ,0,0,0,0
513,PESTO SOSU,PESTO SAUCE,PESTO-SOSSE,"СОУС ""ПЕСТО""",0,0,0,0
514,ANÇUEZ,ANCHOVY,ANCHUEZ,АНЧОУЗ,0,0,0,0
515,ANDOLEZ,ANDOLEZ SAUCE,ANDOLEZ  SOβE,АНДАЛУССКИЙ СОУС,0,0,0,0
516,AVAKADO SOS,AVOCADO SAUCE,AVAKADO SOβE,АВОКАДО,0,0,0,0
517,AYÇİÇEK YAĞI,SUNFLOWER OIL,SONNENBLÜMENÖL,ПОДСОЛНЕЧНОЕ МАСЛО,0,0,0,0
518,EKŞİ-TATLI SOS,SWEET & SOUR SAUCE,SOUER-Süβ SOβE,КИСЛО-СЛАДКИЙ СОУС,0,0,0,0
519,GREEN DRESSING,GREEN DRESSING,GRÜNE  DRESSING,ЗЕЛЕНЫЙ СОУС,0,0,0,0
520,HARDAL,MUSTARD,SENF,ГОРЧИЦА,0,0,0,0
521,KOKTEYL SOS,COCKTAIL SAUCE,COCKTAIL SOβE,СОУС КОКТЕЙЛЬ ,0,0,0,0
522,LİMON SOS,LEMON SAUCE,ZITRONE SOβE,ЛИМОННЫЙ СОУС,0,0,0,0
523,LİMON ,LEMON,ZITRONE SOβE,ЛИМОН  ,0,0,0,0
524,NANE SOS,MINT SAUCE,PFEFFERMINZE SOβE,МЯТНЫЙ СОУС  ,0,0,0,0
525,NAR EKŞİSİ,POMEGRANATE SAUCE,POMEGRANATE SOβE,ГРАНАТОВЫЙ СОУС,0,0,0,0
526,PANCAR SOS,BEETROOT SAUCE,RÜBE SOβE,СОУС ИЗ СВЁКЛЫ,0,0,0,0
527,REMULAD,SAUCE REMOULADE,SOβE REMOULADE,СОУС РЕМУЛАД,0,0,0,0
528,RUS SOS,RUSSIAN SAUCE,RUSCHISCH SOβE,РУССКИЙ СОУС,0,0,0,0
529,SARIMSAK SOS,GARLIC SAUCE,KNOBLAUCH SOβE,ЧЕСНОЧНЫЙ  СОУС,0,0,0,0
530,SARIMSAKLI YAĞ,OIL WITH GARLIC ,ÖL MIT KNOBLAUCH,ПОДСОЛНЕЧНОЕ МАСЛО С ЧЕСНОКОМ,0,0,0,0
531,SİRKE,VINEGAR,ESSIG,УКСУС,0,0,0,0
532,BALZAMİK,BALSAMIC,BALCAMICO,БАЛЬЗАМИЧЕСКИЙ УКСУС,0,0,0,0
533,ELMA SİRKESİ,APPLE VINEGAR,APFELESSIG,ЯБЛОЧНЫЙ УКСУС,0,0,0,0
534,PRİNÇ SİRKESİ,RICE VINEGAR,REISESSIG,РИСОВЫЙ УКСУС,0,0,0,0
535,SİRKE SOS,VINEGAR SAUCE,ESSIG SOβE,СОУС С УКСУСОМ,0,0,0,0
536,SOYALI LİMON SOS,LEMON & SOYA SAUCE,ZITRONE SOβE MIT SOJABOHNE,СОЕВЫЙ СОУС С ЛИМОНОМ,0,0,0,0
537,SOYALI SİRKE SOS,VINEGAR AND SOYA SAUCE,ESSIG SOβE MIT SOJABOHNE,СОЕВЫЙ СОУС С УКСУСОМ,0,0,0,0
538,ŞANTİYEL,SHANTİYEL,SHANTİYEL,СОУС ШАНТИЕЛЬ,0,0,0,0
539,TARTAR SOS,TARTAR SAUCE,TARTAR SOβE,СОУС ТАРТАР,0,0,0,0
540,TEMPURA,TEMPURA,TEMPURA,СОУС ТЕМПУРА,0,0,0,0
541,BİN ADALAR SOS ,THOUSAND ISLAND SAUCE ,THOUSAND ISLAND SOβE ,"СОУС ""1000 ОСТРОВОВ""",0,0,0,0
542,VİNİGRET  SOS,VINAGRETTE SAUCE ,VINEGRAT SOβE,СОУС ВИНЕГРЕТ ,0,0,0,0
543,YAYLA SOS,YOGHURT SAUCE WITH DILL,JOGHURT SOβE MIT DILL,ЙОГУРТОВЫЙ СОУС C УКРОПОМ,0,0,0,0
544,YOĞURT SOS,YOGURT SAUCE,JOGHURT SOβE,ЙОГУРТОВЫЙ СОУС,0,0,0,0
545,ZEYTİN YAĞI,OLIVE OIL,OLIVENÖL,ОЛИВКОВОЕ МАСЛО,0,0,0,0
546,MAYONEZ,MAYONNAISE,MAYONNAISE,МАЙОНЕЗ,0,0,0,0
547,KETÇAP,KETCHUP,KETCHAP,КЕТЧУП,0,0,0,0
548,NAPOLITAN SOS,NEAPOLITAN SAUCE,NEAPOLITAN SOβE,СОУС НАПОЛИТАН,0,0,0,0
549,BOLONEZ SOS,BOLOGNESE SAUCE,BOLOGNESE SOβE,СОУС БОЛОНЬЕЗ,0,0,0,0
550,MİLANEZ SOS,MILANESE SAUCE,MILANESE SOβE,СОУС МИЛАНЕСЕ,0,0,0,0
551,KARBONARA SOS,CARBONARA SAUCE,CARBONARA SOβE,СОУС КАРБОНАРА,0,0,0,0
552,SOYA SOS,SOYA SAUCE,SOJABOHNE SOβE ,СОЕВЫЙ СОУС  ,0,0,0,0
553,KÖZ PATLICAN SOS,ROASTED AUBERGINE WITH SAUCE,GEBRATENE AUBERGINESOSSE,СОУС ДЛЯ БАКЛАЖАНОВ НА УГЛЯХ,0,0,0,0
554,PİDELER,,,,0,0,0,0
555,ETLİ PİDE,FLAT BREAD WITH  MEAT,FLATEDBROT MIT HACKFLEISCH,ЛЕПЁШКА  С ФАРШИРОВАННЫМ МЯСОМ ,0,0,0,0
556,ISPANAKLI PİDE,FLAT BREAD WITH SPINACH,FLADENBROT MIT SPINAT,ЛЕПЁШКА СО ШПИНАТОМ ,0,0,0,0
557,KAŞARLI PİDE,FLAT BREAD WITH YELLOW CHEESE,FLADENBROT MIT KÄSE,ЛЕПЁШКА С СЫРОМ,0,0,0,0
558,KIYMALI PİDE,FLAT BREAD WITH MINCED MEAT,FLADENBROT MIT HACKFLEISCH ,ЛЕПЁШКА С ФАРШИРОВАННЫМ МЯСОМ ,0,0,0,0
559,KUŞBAŞILI PİDE,FLAT BREAD WITH MEAT,FLADENBROT MIT FLEISCH,ЛЕПЁШКА  С МЯСОМ ,0,0,0,0
560,PATATESLİ PİDE,FLAT BREAD WITH POTATO,FLADENBROT MIT KARTOFFEL,ЛЕПЁШКА С КАРТОФЕЛЕМ,0,0,0,0
561,SEBZELİ PİDE,FLAT BREAD WITH VEGETABLE,FLADENBROT MIT GEMÜSE,ЛЕПЁШКА  С ОВОЩАМИ,0,0,0,0
562,SUCUKLU PİDE,FLAT BREAD WITH TURKISH SAUSAGE,FLADENBROT MIT TURKISCHE WURST,ЛЕПЁШКА  С КОПЧЁНОЙ КОЛБАСОЙ,0,0,0,0
563,TAVUKLU PİDE,FLAT BREAD WITH CHICKEN,FLADENBROT MIT HÄHNCHEN,ЛЕПЁШКА С КУРИЦЕЙ,0,0,0,0
564,DENİZ MAHSÜLLERİ PİDE,FLAT BREAD WITH SEAFOOD ,FLADENBROT MIT MEERFRUCHTE,ЛЕПЁШКА С МОРЕПРОДУКТАМИ,0,0,0,0
565,BEYAZ PEYNİRLİ PİDE,FLAT BREAD WITH WHITE CHEESE,FLADENBROT MIT KÄSE,ЛЕПЁШКА С СЫРОМ ФЕТА,0,0,0,0
566,YUMURTALI PİDE,FLAT BREAD WITH EGG,FLADENBROT MIT EI,ЛЕПЁШКА  С  ЯЙЦАMИ,0,0,0,0
567,LOR PEYNİRLİ PİDE,FLAT BREAD WITH WHITE CHEESE,FLADENBROT MIT KÄSE,ЛЕПЁШКА С ТВОРОГОМ,0,0,0,0
568,EKMEKLER,BREAD, BROT,ХЛЕБ,0,0,0,0
569,CROISANT,CROISSANT,CROISANT,КРУАССАНЫ,0,0,0,0
570,ÇAVDAR EKMEĞİ,RYE BREAD,ROGGENMISCH BROT,РЖАНОЙ ХЛЕБ,0,0,0,0
571,MISIR EKMEĞİ,CORN BREAD,MAIS BROT,КУКУРУЗНЫЙ ХЛЕБ,0,0,0,0
572,ROLL EKMEK,ROLL,ROLL,БУЛОЧКИ,0,0,0,0
573,SARIMSAKLI EKMEK,GARLIC BREAD,BROT MIT KNOBLAUCH,ХЛЕБ С ЧЕСНОКОМ,0,0,0,0
574,SİMİT,BREAD RING WITH SESAME SEEDS,SESAM KRINGEL,БУБЛИК,0,0,0,0
575,SOĞANLI EKMEK,ONION BREAD,BROT MIT ZWIEBEL,ХЛЕБ С ЛУКОМ,0,0,0,0
576,TIRNAK EKMEK,TURKISH FLAT BREAD,TURKISCHES FLADENBROT,ТУРЕЦКИЙ ПИДЕ,0,0,0,0
577,TOST EKMEĞİ,TOAST,TOAST BROT,ТОСТ,0,0,0,0
578,TÜRK EKMEĞİ,TURKISH BREAD,TÜRKISCHES BROT,ТУРЕЦКИЙ ХЛЕБ,0,0,0,0
579,KAHVALTILIKLAR,,,ЗАВТРАК,0,0,0,0
580,5 DK YUMURTA,BOILED EGGS 5. MIN.,GEKOCHTES EI 5 MIN,ЯЙЦО 5 МИН. ПРИГОТОВЛЕНИЯ,0,0,0,0
581,5 DK.HAŞLANMIŞ YUMURTA,BOILED EGGS 5 MIN.,GEKOCHTES EI 5 MIN,ОТВАРНОЕ  ЯЙЦО 5 МИН. ПРИГОТОВЛЕНИЯ,0,0,0,0
582,ARMUT KOMPOSTO,PEAR COMPOTE,BIRNEN KOMPOTT,ГРУШЕВЫЙ КОМПОТ,0,0,0,0
583,BAL ,HONEY,HONIG,МЁД,0,0,0,0
584,BALLI YOĞURT,YOGHURT WITH HONEY,JOGHURT MIT HONIG,ЙОГУРТ С МЁДОМ,0,0,0,0
585,BİBER,PEPPER,PFEFFER,ПЕРЕЦ,0,0,0,0
586,COCKTAIL ZEYTİN,STUFFED OLIVE,GEFÜLLTE OLIVE,ОЛИВКОВЫЙ КОКТЕЙЛЬ,0,0,0,0
587,ÇİKOLATA,CHOCOLATE,SCHOKOLADE,ШОКОЛАД,0,0,0,0
588,ÇİLEK REÇELİ,STRAWBERRY JAM,ERDBEEREN MARMELADE,КЛУБНИЧНОЕ ВАРЁНЬЕ,0,0,0,0
589,ÇİZİK ZEYTİN,GREEN OLIVE,GRUNE OLIVE,ЗЕЛЕНЫЕ МАСЛИНЫ,0,0,0,0
590,DOMATES ,TOMATO,TOMATEN ,ПОМИДОР,0,0,0,0
591,ELMA COMPOSTO,APPLE COMPOTE,APFELKOMPOTT,ЯБЛОЧНЫЙ КОМПОТ,0,0,0,0
592,ELMA MARMELATI,APPLE MARMALADE,APFEL MARMELADE,ЯБЛОЧНОЕ ВАРЕНЬЕ,0,0,0,0
593,ERİK KOMPOSTO,PLUM COMPOTE,PFLAUMEKOMPOTT,СЛИВОВЫЙ КОМПОТ,0,0,0,0
594,ESMER ŞEKER,BROWN SUGAR,BRAUN ZUCKER,КОРИЧНЕВЫЙ САХАР,0,0,0,0
595,FISTIKLI SALAM,SALAMI WITH PISTACHIO,KALBS SALAMI MIT PISTAZIE,КОЛБАСА С ФИСТАШКАМИ ,0,0,0,0
596,TAHİN HELVA,TURKISH DESSERT WITH SESAME OIL ,SÜß MIT SESAMÖL ,ХАЛВА ТАХИННАЯ,0,0,0,0
597,HİNDİ JAMBON,TURKEY HAM, SCHINKEN,ВЕТЧИНА ИЗ ИНДЕЙКИ,0,0,0,0
598,HİNDİ SALAM,TURKEY SALAMI,TRUTHAHN SALAMI,КОЛБАСА ИЗ ИНДЕЙКИ,0,0,0,0
599,KAŞARLI DOMATES,TOMATO WITH CHEESE,TOMATEN MIT KASE,ПОМИДОР С СЫРОМ,0,0,0,0
600,KAYISI KOMPOSTO,APRICOT COMPOTE,APRIKOSENKOMPOTT,АБРИКОСОВЫЙ КОМПОТ,0,0,0,0
601,KAYISI REÇELİ,APRICOT JAM,APRIKOSE MARMELADE,АБРИКОСОВОЕ ВАРЕНЬЕ,0,0,0,0
602,KAYSILI YOĞURT,YOGURT WITH APRICOT,JOGHURT MIT APRIKOSE,ЙОГУРТ С АБРИКОСОМ,0,0,0,0
603,KREP,CREPE,KREPP,БЛИНЫ,0,0,0,0
604,KURU ERİK    ,SUNDRIED PLUM,PFLAUME,СЛИВА,0,0,0,0
605,KURU İNCİR,SUNDRIED FIG,FEIGE,ИНЖИР,0,0,0,0
606,KURU ÜZÜM,RAISIN,ROSINE,ИЗЮМ,0,0,0,0
607,LEBLEBİ,ROASTED CHICKPEAS,GERÖSTETE KICHERERBSEN,НУТ,0,0,0,0
608,MACAR SALAM,BEEF SALAMI,KALBS SALAMI,КОЛБАСА ПО ВЕНГЕРСКИ,0,0,0,0
609,MARGARİN,MARGARINE,MARGARINE,МАРГАРИН,0,0,0,0
610,MARUL,LETTUCE,GARTENSALAT,ЛАТУК,0,0,0,0
611,MAYDANOZ,PARSLEY,PETERSILIE,ПЕТРУШКА,0,0,0,0
612,MENEMEN,EGGS WITH TOMATO & PEPPER,EI MIT TOMATE & PFEFFER,ЯЙЦА С ПОМИДОРОМ И ПЕРЦЕМ ,0,0,0,0
613,MEYVA KÖŞESİ,FRUIT CORNER,OBSTECKE,ФРУКТЫ,0,0,0,0
614,MEYVA SALATASI,FRUIT SALAD,OBSTSALAT,ФРУКТОВЫЙ САЛАТ,0,0,0,0
615,MEYVALI YOĞURT,YOGURT WITH FRUIT,JOGHURT MIT OBST,ФРУКТОВЫЙ ЙОГУРТ,0,0,0,0
616,MEYVE BÜFESİ,FRUIT BUFFET,OBST BÜFET,ФРУКТЫ,0,0,0,0
617,MISIR GEVREĞİ,CORNFLAKES,CORNFLAKES,КУКУРУЗНЫЕ ХЛОПЬЯ,0,0,0,0
618,MÜSLİ,MUESLI,MÜSLI,МЮСЛИ,0,0,0,0
619,OMLET,OMELETTE,OMELETT,ОМЛЕТ,0,0,0,0
620,PAKET BAL,HONEY,HONIG,МЁД,0,0,0,0
621,KREP,PANCAKE,PFANKUCHEN,БЛИНЫ,0,0,0,0
622,PATATES SOTE,SAUTEED POTATO,SAUTIERTE KARTOFFEL,КАРТОФЕЛЬНОЕ РАГУ,0,0,0,0
623,PEKMEZ,MOLASSES,MELASSE,СИРОП ИЗ ЩЕЛКОВИЦЫ-ПЕКМЕЗ,0,0,0,0
624,PETEK BAL,HONEY,HONIG,МЁД В СОТАХ,0,0,0,0
625,PORTAKAL REÇELİ,ORANGE JAM,APFELSINE MARMELADE,АПЕЛСИНОВОЕ ВАРЁНЬЕ,0,0,0,0
626,ROKA,ROCKET,WASSERROCKET,РУККОЛА,0,0,0,0
627,SADE YOĞURT,YOGURT,JOGHURT,ЙОГУРТ,0,0,0,0
628,SAHANDA YUMURTA,FRIED EGGS,SPIEGLE EI,ЯИЧНИЦА,0,0,0,0
629,SALATALIK,CUCUMBER,GURKE,ОГУРЕЦ,0,0,0,0
630,SEMİZOTU,PURSLANE,PORTULAK,ПОРТУЛАК,0,0,0,0
631,SİYAH ZEYTİN,BLACK OLIVE,SCHWARZ OLIVE,ЧЕРНЫЕ МАСЛИНЫ,0,0,0,0
632,SOSİS,SAUSAGE,WURST,СОСИСКИ,0,0,0,0
633,SOSİSLİ YUMURTA,EGGS WITH SAUSAGE,EI MIT WURST,ЯЙЦА С СОСИСКАМИ,0,0,0,0
634,SÜTLÜ YULAF,OATS WITH MILK,HAFER MIT MILCH,ОВСЯНКА С МОЛОКОМ,0,0,0,0
635,SÜTLÜ YULAF,OATS WITH MILK,HAFER MIT MILCH,ОВСЯНКА С МОЛОКОМ,0,0,0,0
636,SÜTLÜ YUMURTA,SCRAMBLED EGGS,SCREAMBLEI,ЯИЧНИЦА С МОЛОКОМ,0,0,0,0
637,ŞEFTALİ KOMPOSTO,PEACH COMPOTE,PFIRSICHKOMPOTT,ПЕРСИКОВЫЙ КОМПОТ,0,0,0,0
638,ŞEKER,SUGAR,ZUCKER,CAXAP,0,0,0,0
639,TAHİN,SESAME OIL  ,SESAMÖL  ,КУНЖУТНОЕ МАСЛО,0,0,0,0
640,TAHİN-PEKMEZ,SESAME OIL & MOLASSES,SESAMÖL-MELASSE,КУНЖУТНОЕ МАСЛО С ПЕКМЕЗОМ,0,0,0,0
641,TAVUK JAMBON,CHICKEN HAM,HÄHNCHEN SCHINKEN,ВЕТЧИНА ИЗ КУРИЦЫ,0,0,0,0
642,TAZE SOĞAN,SPRING ONIONS,GRÜNE ZWIEBEL,ЛУК,0,0,0,0
643,TEREYAĞ,BUTTER,BUTTER,СЛИВОЧНОЕ МАСЛО,0,0,0,0
644,ÜZÜM KOMPOSTO,RAISIN COMPOTE,ROSINEKOMPOTT,КОМПОТ ИЗ ИЗЮМА,0,0,0,0
645,VİŞNE KOMPOSTO,CHERRY COMPOTE,KIRSCHENKOMPOTT,КОМПОТ ИЗ ВИШНОЙ,0,0,0,0
646,VİŞNE REÇELİ,CHERRY JAM,KIRSCHEN MARMELADE,ВИШНЕВОЕ ВАРЕНЬЕ,0,0,0,0
647,VİŞNELİ YOĞURT,YOGURT WITH CHERRY,JOGHURT MIT KIRSCHEN,ВИШНЯ С ЙОГУРТОМ ,0,0,0,0
648,YEŞİL ZEYTİN,GREEN OLIVE,GRUNE OLIVE,ЗЕЛЕНЫЕ ОЛИВКИ,0,0,0,0
649,YULAF ,OATS,HAFER,ОВСЯНКА,0,0,0,0
650,YULAF,OATS,HAFER,ОВСЯНКА,0,0,0,0
651,GÜL REÇELİ,ROSE JAM,ROSE MARMELADE,РОЗОВОЕ ВАРЕНЬЕ,0,0,0,0
652,DANA JAMBON,BEEF HAM,RINDFLEISCHSCHINKEN,ГОВЯЖЬЯ ВЕТЧИНА,0,0,0,0
653,SALAM,SALAMI,KALBS SALAMI,САЛЯМИ,0,0,0,0
654,BERGAMUT REÇELİ,BERGAMOT JAM,BERGAMOTTE MARMELADE,ВАРЕНЬЕ ИЗ БЕРГАМОТА,0,0,0,0
655,BÖĞÜRTLEN REÇELİ,BLACKBERRY JAM,BROMBEERE MARMELADE,ЕЖЕВИЧНОЕ ВАРЕНЬЕ,0,0,0,0
656,KAYISI MARMELADI,APRICOT MARMALADE,APRİKOSEN MARMELADE,АБРИКОСОВЫЙ МАРМЕЛАД,0,0,0,0
657,ELMA MARMELADI,APPLE MARMALADE,APFEL MARMELADE,ЯБЛОЧНЫЙ МАРМЕЛАД,0,0,0,0
658,KIRIK YEŞİL ZEYTİN,BROKEN OLIVE,GEBROCHEN GRÜNE OLIVEN,ЗЕЛЕНЫЕ ОЛИВКИ,0,0,0,0
659,BAHARATLI ZEYTİN,OLIVE WITH SPICES,GEWÜRZTE OLİVEN,ОЛИВКИ СО СПЕЦИЯМИ,0,0,0,0
660,KALAMATA ZEYTİN,KALAMATA OLIVE,KALAMATA OLIVE,КАЛАМАТСКИЕ ОЛИВКИ,0,0,0,0
661,SOSLU SOSİS,SAUSAGE WITH SAUCE,WÜRSTCHEN MİT SOSSE,СОСИСКИ В СОУСЕ,0,0,0,0
662,DİYET VİŞNE REÇELİ,DIET MORELLO JAM,DIÄT SAUERKİRSCHEN KONFİTÜRE,ДИЕТИЧЕСКОЕ ВИШНЕВОЕ ВАРЕНЬЕ,0,0,0,0
663,DİYET ÇİLEK REÇELİ,DIET STRAWBERRY JAM,DIÄT ERDBEERE MARMELADE,ДИЕТИЧЕСКОЕ КЛУБНИЧНОЕ ВАРЕНЬЕ,0,0,0,0
664,AYVA MARMELATI,QUINCE MARMALADE,QUITTEN MARMELADE,АЙВОВОЕ ВАРЁНЬЕ,0,0,0,0
665,AHUDUDU REÇELİ,RASPBERRY  JAM,HIMBEEREN KONFİTÜRE,МАЛИНОВОЕ ВАРЕНЬЕ,0,0,0,0
666,İNCİR REÇELİ,FIG JAM,PFLAUMEN KONFITÜREN,ВАРЕНЬЕ ИЗ ИНЖИРА,0,0,0,0
667,İNCİR REÇELİ,CITRUS JAM,BITTERE ORANGEN MARMELADE,ЦИТРУСОВОЕ ВАРЕНЬЕ,0,0,0,0
668,ÜZÜM KOMPOSTO,GRAPE COMPOTE,TRAUBEN KOMPOTT,ВИНОГРАДНЫЙ КОМПОТ,0,0,0,0
669,ÇİNGENE SALATASI,GIPSY SALAD,ZIEGEUNER SALAT,ЦЫГАНСКИЙ САЛАТ,0,0,0,0
670,KARAMELLİ ELMA REÇELİ,APPLE JAM WITH CARAMEL,APFEL KONFITÜREN MIT KARAMELLE,КАРАМЕЛИЗИРОВАННОЕ ЯБЛОЧНОЕ ВАРЕНЬЕ,0,0,0,0
671,ŞARKÜTERİLİ TEPSİ BÖREĞİ,TURKISH PASTRY WITH HAM,PASTETE MIT DELIKATESSENGESCHÄFT,ТУРЕЦКИЙ БОРЕК,0,0,0,0
672,KEFİR,KEFIR,,кефир,0,0,0,0
673,FİLTRE KAHVE,COFFEE,COFFEE,КОФЕ,0,0,0,0
674,SICAK SÜT,HOT MILK,HEISSE MILCH,ГОРЯЧЕЕ МОЛОКО,0,0,0,0
675, VİŞNE SUYU,CHERRY JUICE,KIRSCHEN SAFT,ВИШНЁВЫЙ СОК,0,0,0,0
676,LİMONATA,TRADITIONAL LEMONADE,ZITRONE SAFT,ЛИМОННЫЙ СОК,0,0,0,0
677,SOĞUK SU,COLD WATER,KALTE WASSER,ХОЛОДНАЯ ВОДА,0,0,0,0
678,SICAK SU,HOT  WATER,WARM WASSER,ГОРЯЧЯЯ ВОДА,0,0,0,0
679,SOĞUK SÜT,COLD MILK,KALTE MİLCH,XOЛOДHOE МОЛОКО,0,0,0,0
680,TAZE PORTAKAL SUYU,FRESH ORANGE JUICE,GEPRESST FRISCH ORENGENSAFT,СВЕЖИЙ АПЕЛЬСИНОВЫЙ СОК,0,0,0,0
681,PORTAKAL SUYU,ORANGE JUICE,ORANGENSAFT,АПЕЛЬСИНОВЫЙ СОК,0,0,0,0
682,DIET,,,,0,0,0,0
683,DİYET KAHVALTI BÜFESİ,DIET BUFFET,DIET BUFET,ДИЕТИЧЕСКИЕ  БЛЮДА,0,0,0,0
684,DİYET EKMEK ,DIET BREAD,DIET BROUD,ДИЕТИЧЕСКИЙ ХЛЕБ,0,0,0,0
685,DİYET HİNDİ JAMBONU,DIET TURKEY HAM,DIET TRUTHAHN SCHINKEN,ДИЕТИЧЕСКАЯ КОЛБАСА ИЗ ИНДЕЙКИ,0,0,0,0
686,DİYET MARGARİN,DIET MARGARINE,DIET MARGARINE,ДИЕТИЧЕСКИЙ МАРГАРИН,0,0,0,0
687,DİYET PEYNİR,DIET CHEESE,DIET KASE,ДИЕТИЧЕСКИЙ СЫР,0,0,0,0
688,DİYET REÇEL ,DIET JAM,DIET MARMELADE,ДИЕТИЧЕСКОЕ ВАPЁНЬЕ,0,0,0,0
689,DİYET YOĞURT,DIET YOGURT,DIET JOGHURT,ДИЕТИЧЕСКИЙ ЙОГУРТ,0,0,0,0
690,DİYET SÜT,DIET MILK,DIET MILCH,ДИЕТИЧЕСКОЕ МОЛОКО,0,0,0,0
691,MEYVE,,,,0,0,0,0
692,ARMUT,PEAR,BIRNEN,ГРУША,0,0,0,0
693,ÇİLEK,STRAWBERRY,ERDBEEREN,КЛУБНИКА,0,0,0,0
694,ELMA,APPLE ,APFEL,ЯБЛОКО\,0,0,0,0
695,ERİK,PLUM,PFLAUME,СЛИВА,0,0,0,0
696,GREYFURT,GRAPEFRUIT,PAMPELMUSE,ГРЕЙПФРУТ,0,0,0,0
697,İNCİR, FIG,FEIGE,ИНЖИР,0,0,0,0
698,KARPUZ,WATERMELON,WASSER MELONE,АРБУЗ,0,0,0,0
699,KAVUN,MELON,MELONE,ДЫНЯ,0,0,0,0
700,KAYISI,APRICOT,APRIKOSEN,АБРИКОС,0,0,0,0
701,MANDALİNA,TANGERINE,MANGERINE,МАНДАРИН,0,0,0,0
702,MUZ,BANANA,BANANE,БАНАН,0,0,0,0
703,PORTAKAL,ORANGE,APFELSINE,АПЕЛЬСИН,0,0,0,0
704,ŞEFTALİ,PEACH ,PFIRSICH,ПЕРСИК,0,0,0,0
705,ÜZÜM,GRAPES,TRAUBEN,ВИНОГРАД,0,0,0,0
706,YENİ DÜNYA ,LAQUAT,JAPANISCHE WOLLMISPEL,МАЛЬТИЙСКИЙ АБРИКОС,0,0,0,0
707,PASTANE,,,,0,0,0,0
708,ALASKA,BAKED ALASKA,EIS*** ALASKA***,МОРОЖЕНОЕ АЛЯСКА,0,0,0,0
709,ANANAS FLAMBE,PINEAPPLE FLAMBE,ANANAS FLAMBIERT,АНАНАС ФЛАМБЕ,0,0,0,0
710,BİRYOŞ MARMELATLI,DESSERT WITH MARMALADE,,МАРМЕЛАДОВЫЙ ДЕСЕРТ,0,0,0,0
711,ÇİKOLATA SOS,CHOCOLATE SAUCE,SCHOKOLADE SOβE,ШОКОЛАДНЫЙ СОУС,0,0,0,0
712,DONDURMA,ICE CREAM,EIS,МОРОЖЕНОЕ,0,0,0,0
713,DONUT,DOUGHNUTS,DONUT,ПОНЧИК,0,0,0,0
714,DONUT,DOUGHNUTS,DONUT,ПОНЧИК,0,0,0,0
715,DONUT ÜZÜMLÜ,DOUGHNUTS WITH RAISINS,DONUT MIT ROSINE,ПОНЧИК C ИЗЮМОМ,0,0,0,0
716,DONUT ÜZÜMLÜ,DOUGHNUTS WITH RAISINS,DONUT MIT ROSINE,ПОНЧИК C ИЗЮМОМ,0,0,0,0
717,ELMA BENYE,APPLE BENYE,APFEL  BENYE,ЯБЛОЧНОЕ БЕНЬЕ,0,0,0,0
718,İZMİR LOKMA,LOKMA - TRADITIONAL TURKISH DESSERT,LOKMA***Süβ***,ИЗМИРСКАЯ ЛОКМА,0,0,0,0
719,KÜNEFE,KUNEFE TRADITIONAL TURKISH DESSERT,KUNEFE***Süβ***,КЮНЕФЕ,0,0,0,0
720,LOKMA,LOKMA - TRADITIONAL TURKISH DESSERT,LOKMA***Süβ***,ЛОКМА,0,0,0,0
721,MANDALİNA,TANGERINE,MANGERINE,МАНДАРИН,0,0,0,0
722,MEYVE FLAMBE,FLAMBEED FRUIT,OBST FLAMBIERT,ФРУКТОВОЕ ФЛАМБЕ,0,0,0,0
723,MEYVE FLAMBE,FLAMBEED FRUIT,OBST FLAMBIERT,ФРУКТОВОЕ ФЛАМБЕ,0,0,0,0
724,MUZ FLAMBE,BANANA FLAMBE,BANANE FLAMBIERT,БАНАНОВОЕ ФЛАМБЕ,0,0,0,0
725,STRUTEL ELMALI,APPLE STRUDEL,,ЯБЛОЧНЫЙ ШТРУДЕЛЬ,0,0,0,0
726,VANİLYA SOS,VANILLA  SAUCE,VANILLE SOβE,ВАНИЛЬНЫЙ СОУС,0,0,0,0
727,VİŞNE SOS,SOUR CHERRY SAUCE,KIRSCHEN SOβE,ВИШНЕВЫЙ СОУС,0,0,0,0
728,PORTAKAL SOS,ORANGE SAUCE,APFELSINE SOβE,АПЕЛЬСИНОВЫЙ СОУС,0,0,0,0
729,KARAMEL SOS,CARAMEL SAUCE,KARAMELL-SAUCE,КАРАМЕЛЬНЫЙ СОУС,0,0,0,0
730,BAHARATLAR,SPICES,,СПЕЦИИ,0,0,0,0
731,TUZ,SALT,SALZ,СОЛЬ,0,0,0,0
732,AKBİBER,WHITE PEPPER,WEIβPFEFFER,БЕЛЫЙ ПЕРЕЦ,0,0,0,0
733,ANASON,ANISE,ANIS,АНИС,0,0,0,0
734,BİBERİYE,ROSEMARY,ROSMARIN,РОЗМАРИН,0,0,0,0
735,DEFNE,BAY LEAVES,LORBEER,ЛАВРОВЫЙ ЛИСТ,0,0,0,0
736,FESLEĞEN,BASIL,BASILIKUM,БАЗИЛИК,0,0,0,0
737,HAŞHAŞ,POPPY SEEDS,MOHN,МАК,0,0,0,0
738,HİNDİSTAN CEVİZİ,COCONUT,KOKOCNUSS,КОКОСОВЫЙ ОРЕХ,0,0,0,0
739,KARABİBER,BLACK PEPPER,SCHWARZEPFEFFER,ЧЁРНЫЙ ПЕРЕЦ,0,0,0,0
740,KARANFİL,CLOVE,GEWÜRZNELKEN,ГВОЗДИКА,0,0,0,0
741,KEKİK,THYME,THYMIAN,ТИМЬЯН,0,0,0,0
742,KİMYON,CUMIN,KREUZKÜMMEL,ТМИН,0,0,0,0
743,KİŞNİŞ,CORIANDER,KORIANDER,КОРИАНДР,0,0,0,0
744,KÖRİ,CURRY,CURRY,KAPPИ,0,0,0,0
745,NANE,MINT,PFEFFERMINZE,МЯТА,0,0,0,0
746,PUL BİBER,RED PEPPER,ROTPFEFFER,КРАСНЫЙ ПЕРЕЦ,0,0,0,0
747,SAFRAN,SAFFRON,SAFRAN,ШАФРАН,0,0,0,0
748,SUSAM,SESAME,SESAM,КУНЖУТ,0,0,0,0
749,TARÇIN,CINNAMON,ZIMT,КОРИЦА,0,0,0,0
750,TOZ BİBER,RED PEPPER,ROTPFEFFER,КРАСНЫЙ ПЕРЕЦ,0,0,0,0
751,ZENCEFİL,GINGER,INGWER,ИМБИРЬ,0,0,0,0
752,ŞEKER,SUGAR,ZUCKER,CAXAP,0,0,0,0
753,PUDRA ŞEKERİ,POWDERED SUGAR,PUDERZUCKER,САХАРНАЯ  ПУДРА,0,0,0,0
754,ANTEP FISTIĞI,PISTACHIO,PISTAZIE, ФИСТАШКИ ,0,0,0,0
755,CEVİZ,WALNUTS,WALNÜSSE,ГРЕЦКИЕ ОРЕХИ,0,0,0,0
756, FINDIK,HAZELNUTS,HAZELNÜSSE,ЛЕСНЫЕ ОРЕХИ,0,0,0,0
757,PEYNİR,,,,0,0,0,0
758,BEYAZ PEYNİR,FETA CHEESE,KÄSE,СЫР ФЕТА,0,0,0,0
759,DİL PEYNİRİ,SLICED CHEESE,ZUNGE KÄSE,"СЫР ""ЯЗЫЧОК""",0,0,0,0
760,KARPER PEYNİR,KARPER CHEESE,KARPER CHEESE,СЫР ФЕТА,0,0,0,0
761,EZİNE PEYNİR,EZİNE CHEESE,EZİNE KÄSE,СЫР ЭЗИНЕ,0,0,0,0
762,OTLU PEYNİR,CHEESE WITH HERBS,KÄSE MIT KRAUT,СЫР С ЗЕЛЕНЬЮ,0,0,0,0
763,ÖRGÜ PEYNİR,PLAITED CHEESE,GESTRICKTE KÄSE,ПЛЕТЕНЫЙ СЫР,0,0,0,0
764,TULUM PEYNİRİ,SHARP GOATS CHEESE,SCHARF ZIEGE KÄSE,козий сыр,0,0,0,0
765,URFA PEYNİRİ,CHEESE FROM URFA,CHEESE FROM URFA,СЫР ИЗ УРФЫ,0,0,0,0
766,ERZİNCAN TULUM PEYNİRİ,TRADITIONAL ERZİNCAN CHEESE,TRADITIONELLE ERZİNCAN KÄSE,ТРАДИЦИОННЫЙ ЭРЗИНДЖАНСКИЙ СЫР,0,0,0,0
767,LOR PEYNİRİ,COTTAGE CHEESE,HÜTTENKÄSE,ТВОРОГ,0,0,0,0
768,BAHARATLI PEYNİR,CHEESE WITH SPICE,GEWURTZE KÄSE,СЫР СО СПЕЦИЯМИ,0,0,0,0
769,DEREOTLU PEYNİR,CHEESE WITH DILL,KÄSE MIT DILL,СЫР С УКРОПОМ,0,0,0,0
770,OTLU PEYNİR,CHEESE WITH HERBS,HERBAL KÄSE ,СЫР С ЗЕЛЕНЬЮ,0,0,0,0
771,PARMESAN PEYNİR ,PARMESAN CHEESE,PARMESAN KÄSE ,СЫР ПАРМЕЗАН,0,0,0,0
772,KARIŞIK PİDE,TURKISH FLAT BREAD WITH MIXED TOPPING,MİX FLADENBROT,ЛЕПЕШКА МИКС,0,0,0,0
773,PATLICAN KEBAP,AUBERGINE KEBAB,KEBAB MIT AUBERGINEN, БАКЛАЖАННЫЙ КЕБАБ,0,0,0,0
774,KARİDES TAVA,PAN FRIED SHRIMP,GARNELLA GEBRATEN,ЖАРЕНЫЕ КРЕВЕТКИ,0,0,0,0
775,SOSİS TAVA,PAN FRIED SAUSAGE,WÜRSTCHEN GEBRATEN,СОСИСКИ  ЖАРЕНЫЕ,0,0,0,0
776,SOĞAN TAVA,PAN FRIED ONIONS,ZWIEBEL GEBRATEN,ЖАРЕНЫЕ ЛУКОВЫЕ КОЛЬЦА,0,0,0,0
777,KAŞAR PANE,BREADED CHEESE,KASE PANIERTE, ПАНЕ С ГОЛЛАНДСКИМ СЫРОМ,0,0,0,0
778,MADALYON KÖFTE IZGARA,GRILLED MEDALLIONS OF MEAT, MADALLION FRIKADELLE GEGRİLLTE,"КОТЛЕТЫ ЖАРЕНЫЕ ""МЕДАЛЬОН""",0,0,0,0
779,KARIŞIK SEBZE IZGARA,GRILLED MIXED VEGETABLES,GEMİSCHTE GEMÜSE GEGRİLLTE,АССОРТИ ИЗ ОВОЩЕЙ НА ГРИЛЕ,0,0,0,0
780,OSSOBUKO IZGARA,GRILLED OSSOBUCCO,OSSOBUCCO GEGRILLTE,ОСОБУККО  ГРИЛЬ,0,0,0,0
781,KARIŞIK IZGARA,MIXED GRİLL,GEMİSCHTE GRİLLTE,АССОРТИ НА ГРИЛЕ,0,0,0,0
782,MANTARLI MAKARNA,PASTA WITH MUSHROOMS,MAKKARONİ MİT CHAMPİGNON,МАКАРОНЫ С ГРИБАМИ,0,0,0,0
783,KREMALI MAKARNA,PASTA WITH CREAM,MAKKARONİ MIT SAHNE,МАКАРОНЫ СО СЛИВКАМИ,0,0,0,0
784,SOSLU MAKARNA,PASTA WITH SAUCE,MAKKORONİ MIT SOβE ,МАКАРОННОЕ РАГУ С ОВОЩАМИ,0,0,0,0
785,SEBZELİ MAKARNA SOTE,SAUTEED PASTA WITH VEGETABLES,SAUTIERTE MAKKARONİ MIT GEMÜSE,МАКАРОННОЕ РАГУ С ОВОЩАМИ,0,0,0,0
786,CANOLONİ BOLONEZLİ,CANNELONI WITH BOLGNAISE,CANOLONİ MİT BOLONOZE,"КАНАЛОНИ ""ПО БОЛОНЬЕЗСКИ""",0,0,0,0
787,PEYNİRLİ MAKARNA,PASTA WITH CHEESE,MAKKARONİ MİT KASE,MAКАРОНЫ С СЫРОМ,0,0,0,0
788,KARIŞIK MAKARNA,MIXED PASTA,GEMİSCHTE MAKKARONİ,МАКАРОНЫ С ОВОЩАМИ,0,0,0,0
789,DOMATESLİ MAKARNA,PASTA WITH TOMATOES,MAKKARONI MİT TOMATE,МАКАРОНЫ C ПОМИДОРОМ,0,0,0,0
790,ISPANAKLI MAKARNA,PASTA WITH SPINACH,MAKKARO MİT SPİNAT,МАКАРОНЫ СО ШПИНАТОМ,0,0,0,0
791,PİLİÇ YAHNİ,CHICKEN STEW,GEDUNSTETES HUHNCHEN,ЯХНИ ИЗ КУРИЦЫ,0,0,0,0
792,MANTARLI TAVUK,CHICKEN WITH MUSHROOMS,HUHNCHEN MIT CHAMPİGNON,КУРИЦА С ГРИБАМИ,0,0,0,0
793,TAVUK  DOLMASI,ROLLED CHICHEN ,ROLLEN HUHNCHEN ,ФАРШИРОВАННАЯ КУРИЦА,0,0,0,0
794,PİLİÇ GORDON BLUE,CHICKEN CORDON BLEU,HUHNCHEN GORDON BLUE,КУРИЦА ОТ ШЕФ ПОВАРА,0,0,0,0
795,DENİZ MAHSÜLLERİ SOTE,SAUTEED SEAFOOD,SAUTIERTE MEERFRUCHTE ,РАГУ ИЗ МОРЕПРОДУКТОВ,0,0,0,0
796,KALAMAR SOTE ,SAUTEED SQUID,CALAMARİS SAUTIERTE ,РАГУ ИЗ КАЛЬМАРОВ,0,0,0,0
797,BALIK PARİZYEN,FISH PARISIENNE,FİSCH PARİZİEN,РЫБА ПАРИЗЬЕН,0,0,0,0
798,BALIK SEBZE GRATEN,FISH & VEGETABLE GRATIN,FİSCH GEMÜSE GRATIN,"РЫБА С ОВОЩАМИ ""ГРАТИН""",0,0,0,0
799,BROKOLİ BALIK GRATEN,FISH & BROCCOLI GRATIN,BROKKOLI FİSCH GRATIN,"БРОККОЛИ РЫБА ""ГРАТИН""",0,0,0,0
800,SAFRAN SOSLU BALIK,FISH WITH SAFFRON SAUCE,FISCH MİT SAFRAN SOβE,РЫБА  С ШАФРАНОМ,0,0,0,0
801,DENİZ MAHSÜLLERİ KOKTEYL,SEAFOOD COCKTAİL ,MEERFRUCHTE COCKTAİL,КОКТЕЙЛЬ ИЗ МОРЕПРОДУКТОВ,0,0,0,0
802,BALIK BOĞAZİÇİ,FISH BOSPHORUS,FISCH BOSPHORUS,РЫБА БОСФОР,0,0,0,0
803,PATATES GRATEN,POTATO GRATIN,KARTOFFEL GRATEN,"КАРТОШКА ""ГРАТИН""",0,0,0,0
804,REZENELİ PATATES,POTATO WITH FENNEL,KARTOFFEL MİT FENNEL,КАРТОШКА С АНИСОМ,0,0,0,0
805,SOĞANLI PATATES,POTATO WITH ONION,KARTOFFEL MİT ZWİEBEL,КАРТОШКА C ЛУКОМ,0,0,0,0
806,SUCUKLU PATATES,POTATO WITH TURKISH SAUSAGE,KARTOFFEL MİT TURKISCHE WURST, КАРТОШКА С КОЛБАСОЙ,0,0,0,0
807,KREP PATATES,POTATO PANCAKE,CREPЕ  MIT  KARTOFFEL,БЛИНЧИКИ С КАРТОШКОЙ,0,0,0,0
808,HİNDİ HAŞLAMA,BOİLED TURKEY,GEKOCHTE TRUTHÄHN,ОТВАРНАЯ ИНДЕЙКА,0,0,0,0
809,DİYET FIRIN PATATES,DİET BAKED POTATO,DİET KARTOFFEL IM BACKOFEN ,ЗАПЕЧЁНЫЙ ДИЕТИЧЕСКИЙ КАРТОФЕЛЬ,0,0,0,0
810,DİYET BALIK BUĞULAMA 280 kcal (100gr),DİET STEAMED FISH 280 kcal (100gr),DİET GEDUNSTETES FISCH 280 kcal (100gr),ДИЕТИЧЕСКАЯ РЫБА НА ПАРУ  280 kcal (100gr),0,0,0,0
811,DİYET ISPANAK SOTE,DİET SAUTEED SPINACH,DİET SAUTIERTE SPINAT ,ДИЕТ.РАГУ ИЗ ШПИНАТА,0,0,0,0
812,TAZE FASULYE HAŞLAMA,BOILED GREEN BEANS ,GEKOCHTE GRÜNE BOHNEN,ОТВАРНОЙ ЗЕЛЕНЫЙ ФАСОЛЬ ,0,0,0,0
813,BRÜKSEL LAHANA HAŞLAMA,BOILED BRUSSEL SPROUTS,GEKOCHTE BRÜKSEL KOHL ,БРЮССЕЛЬСКАЯ КАПУСТА ,0,0,0,0
814,BALIK HAŞLAMA,BOILED FISH ,GEKOCHTE FISCH,ОТВАРНАЯ РЫБА,0,0,0,0
815,ŞEHRİYE ÇORBASI,VERMICELLI SOUP ,VERMICELLI SUPPE,СУП С ВЕРМИШЕЛЬЮ,0,0,0,0
816,HAVUÇ ÇORBASI,CARROT SOUP ,CARROTEN SUPPE,МОРКОВНЫЙ СУП,0,0,0,0
817,DİYET ÇORBA,DİET SOUP,DİET SUPPE,ДИЕТИЧЕСКИЙ СУП,0,0,0,0
818,ŞEFİN ÇORBASI,CHEF'S SOUP,CHİEF SUPPE,СУП ОТ ШЕФ-ПОВАРА,0,0,0,0
819,KREMALI TAVUK ÇORBASI,CREAMED CHICKEN SOUP,HUHNCHEN SUPPE MIT SAHNE,КУРИНЫЙ СУП СО СЛИВКАМИ,0,0,0,0
820,MISIRLI PİLAV,RICE WITH  SWEET CORN,REİS MIT MAISE,РИС С КУКУРУЗОЙ,0,0,0,0
821,SOSİSLİ PİLAV,RICE WITH SAUSAGE,REİS MİT WÜRSTCHEN,РИС С СОСИСКАМИ,0,0,0,0
822,KUSKUS PİLAV,COUSCOUS,COUSCOUS REİS,ПЛОВ С КУСКУСОМ,0,0,0,0
823,KÖRİLİ PİLAV,RICE WITH CURRY ,REİS MIT CURRY ,ПЛОВ С КАРРИ,0,0,0,0
824,MANTARLI PİLAV,RICE WITH MUSHROOM,REİS MİT CHAMPİGNON,ПЛОВ С ГРИБАМИ,0,0,0,0
825,DOMATESLİ PİLAV,RICE WITH TOMATO,REİS MİT TOMATE,ПЛОВ С ПОМИДОРАМИ,0,0,0,0
826,KARIŞIK SEBZE SOTE,SAUTEED MIXED VEGETABLES,SAUTİERTE GEMISCH GEMUSE,ОВОЩНОЙ РАГУ,0,0,0,0
827,JÜLYEN SEBZE SOTE ,SAUTEED JULIENNE VEGETABLES ,SAUTIERTE JULİENNE GEMUSE,ОВОЩНОЙ РАГУ ЖУЛЬЕН,0,0,0,0
828,KIRMIZI LAHANA SOTE,SAUTEED RED CABBAGE ,SAUTIERTE ROT KOHL ,РАГУ ИЗ КРАСНОКАЧАННОЙ КАПУСТЫ,0,0,0,0
829,DOMATES DOLMA GRATEN,STUFFED TOMATO GRATIN,GEFULTE TOMATO GRATIN ,ФАРШИРОВАННЫЕ ПОМИДОРЫ,0,0,0,0
830,TAZE FASULYE SOTE,SAUTEED GREEN BEANS ,SAUTIERTE GRÜNE BOHNEN,РАГУ ИЗ СТРУЧКОВОЙ ФАСОЛИ,0,0,0,0
831,SUCUKLU KURU FASULYE,BEANS WITH TURKISH SAUSAGE,BOHNEN MIT TURKISCHE WURST,ФАСОЛЬ С КОЛБАСОЙ,0,0,0,0
832,ETLİ BAMYA,OKRA WITH MEAT,OKRA MIT FLEİSCH,БАМЬЯ С МЯСОМ,0,0,0,0
833,BARBUN IZGARA,GRILLED RED MULLET,GEGRILLTE MEERBARBEN,БАРАБУЛЬКА НА ГРИЛЕ,0,0,0,0
834,KIYMALI KARNIBAHAR ,CAULIFLOWER WITH MINCED MEAT,BLUMENKOHL MIT HACKFLEISCH , ЦВЕТНАЯ КАПУСТА С ФАРШ. МЯСОМ,0,0,0,0
835,KIYMALI PİDE,FLAT BREAD WITH MINCED MEAT,FLADENBROT MIT HACKFLEISCH ,ЛЕПЕШКИ С ФАРШ. МЯСОМ,0,0,0,0
836,İTALYAN SEBZESİ,ITALIAN VEGETABLES,ITALİENER GEMUSE,ОВОЩИ ПО ИТАЛЬЯНСКИ,0,0,0,0
837,HAVUÇ TAZE FASULYE SOTE,SAUTEED CARROT&GREEN BEANS ,SAUTIERTE CARROTEN&GRÜNE BOHNEN,МОРКОВНОЕ РАГУ СО СТРУЧКОВОЙ ФАСОЛЬЮ,0,0,0,0
838,HAVUÇ PIRASA SOTE,SAUTEED CARROT&LEEK,SAUTIERTE CARROTEN&LAUCH,РАГУ ИЗ МОРКОВИ И ЛУКА-ПОРЕЯ,0,0,0,0
839,KIYMALI SEMİZOTU,SAUTEED PURSLANE WITH MINCED MEAT,SAUTIERTE PORTULAK MİT  HACKFLEISCH ,ПОРТУЛАК C ФАРШ.МЯСОМ,0,0,0,0
840,KABAK PATLICAN TAVA,FRIED COURGETTES & AUBERGINES,ZUCCHİNİ&AUBERGINEN GEBRATEN,ЖАРЕНЫЕ БАКЛАЖАНЫ И КАБАЧКИ,0,0,0,0
841,MACAR GULAŞ,HUNGARIAN GOULASH,UNGAR GULASCH, ГУЛЯШ ПО ВЕНГЕРСКИ,0,0,0,0
842,HAVUÇ SOTE,SAUTEED CARROT ,SAUTİERTE CARROTEN,МОРКОВНОЕ РАГУ,0,0,0,0
843,KABAK SANDAL GRATEN,COURGETTE GRATIN,ZUCCHİNİ RUDERBOOT GRATİN, ГРАТЕН ИЗ КАБАЧКОВ,0,0,0,0
844,HAVUÇ BEZELYE SOTE,SAUTEED PEA&CARROT ,SAUTİERTE ERBSEN&CARROTEN,РАГУ ИЗ МОРКОВИ И СВЕЖЕЙ ФАСОЛИ,0,0,0,0
845,DANA DİLİ HAŞLAMA,BOILED BEEF TONGUE,GEKOCHTE KALBS ZUNGEN ,ОТВАРНОЙ ГОВЯЖИЙ ЯЗЫК,0,0,0,0
846,DANA RAGU ,BEEF RAGU,KALBFLEISCH RAGU ,ГОВЯЖЕЕ РАГУ ,0,0,0,0
847,DANA ROSTO,ROAST BEEF,KALBFLEISCH ,ТЕЛЯТИНА РОСТО,0,0,0,0
848,BÖBREK SOTE,SAUTEED KIDNEYS,SAUTİERTE NIERE,РАГУ ИЗ ПОЧЕК,0,0,0,0
849,CİĞER TAVA,PAN FRIED LIVER,GARNELLA LEBER,ПЕЧЕНЬ ЖАРЕНАЯ,0,0,0,0
850,CİĞER SOTE,SAUTEED LIVER,SAUTIERTE LEBER,РАГУ ИЗ ПЕЧЕНИ,0,0,0,0
851,KİMYONLU KÖFTE,MEATBALLS WITH CUMIN,FRIKADELLE MIT KREUZKÜMMEL,КОТЛЕТЫ C ТМИНOM,0,0,0,0
852,ETLİ BEZELYE,PEA WITH MEAT,ERBSEN MIT FLEİSCH,МЯСО С ЗЕЛЕНЫМ ГОРОХОМ,0,0,0,0
853,TALAŞ BÖREĞİ,PASTRY WITH MEAT,TEIG MIT FLEISCH,ПИРОЖОК С МЯСОМ,0,0,0,0
854,FIRIN KÖFTE ,BAKED MEATBALLS,FRIKADELLE IM BACKOFEN ,ЗАПЕЧЁНЫЕ КОТЛЕТЫ,0,0,0,0
855,BROKOLİ SOTE,SAUTEED BROCCOLI ,SAUTIERTE BROKKOLI ,РАГУ ИЗ БРОККОЛИ ,0,0,0,0
856,DÜŞEŞ PATATES,DUCHESSE POTATOES,,КАРТОФЕЛЬ,0,0,0,0
857,MANTARLI PİDE,FLAT BREAD WITH MUSHROOM,FLADENBROT MİT CHAMPİGNON,ПИДЕ С ГРИБАМИ,0,0,0,0
858,3 DK YUMURTA,BOILED EGGS 3 MIN.,GEKOCHTES EI 3 MIN,ОТВАРНЫЕ ЯЙЦА 3 МИН.,0,0,0,0
859,ARPA ŞEHRİYE ÇORBASI,VERMICELLI SOUP  ,SUPPE MIT NUDELN,СУП С ВЕРМИШЕЛЬЮ,0,0,0,0
860,KRAKER PATATES,POTATO SOUP ,KARTOFFEL SUPPE ,КАРТОФЕЛЬНЫЙ СУП ,0,0,0,0
861,PİRTİKE ÇORBASI,PİRTİKE SOUP,PİRTİKE SUPPE,PİRTİKE СУП,0,0,0,0
862,FOLYO PATATES,BAKED POTATO,KARTOFFEL IM BACKOFEN ,ЗАПЕЧЁНЫЙ КАРТОФЕЛЬ,0,0,0,0
863,KANALONİ KREP,CANNELONI,CANOLONİ CREPE,БЛИНЧИКИ КАНАЛОНИ,0,0,0,0
864,MAHLUTA ÇORBASI,LENTIL SOUP,LINSEN SUPPE ,ЧЕЧЕВИЧНЫЙ СУП,0,0,0,0
865,PİLİÇ TERİYAKİ,CHICKEN TERIYAKI,HUNCHEN TERIYAKI,КУРИЦА ТЕРИЯКИ,0,0,0,0
866,KREMALI BROKOLİ ÇORBASI,CREAM OF BROCCOLI SOUP,BROKKOLI SUPPE MIT SAHNE,СУП ИЗ БРОККОЛИ СО СЛИВКАМИ,0,0,0,0
867,FISTIKLI CİĞER TAVA,FRIED LIVER WITH PISTACHIO,GARNELLA LEBER MIT PISTAZIE,ПЕЧЕНЬ ЖАРЕНАЯ С ФИСТАШКАМИ,0,0,0,0
868,FISTIKLI PİLAV,RICE WITH PISTACHIO,REİS MIT PISTAZIE,РИСОВЫЙ ПЛОВ С ФИСТАШКАМИ,0,0,0,0
869,PİLİÇ ASPENDOS,"CHICKEN ""ASPENDOS""","HAHNCHEN ""ASPENDOS""","КУРИЦА ""ASPENDOS""",0,0,0,0
870,HARDAL SOSLU PATATES,POTATO WITH MUSTARD SAUCE,KARTOFFEL MIT SENF SOβE,КАРТОФЕЛЬ С ГОРЧИЧНЫМ СОУСОМ,0,0,0,0
871,HAVUÇLU PİLAV  ,RİCE WITH CARROT,REIS MIT CARROTEN ,ПЛОВ C МОРКОВЬЮ,0,0,0,0
872,PİLİÇ MEKSİKA,MEXICAN STYLE CHICKEN,HUNCHEN MEXİCO,КУРИЦА MEXİCO,0,0,0,0
873,KREMALI HAVUÇ ÇORBASI,CREAM OF CARROT SOUP,CARROTEN SUPPE MIT SAHNE,МОРКОВНЫЙ  СУП СО СЛИВКАМИ,0,0,0,0
874,KARNIBAHAR HAVUÇ SOTE,SAUTEED CAULIFLOWER&CARROT,SAUTIERTE BLUMENKOHL&CARROTEN,РАГУ ИЗ ЦВЕТНОЙ КАПУСТЫ И МОРКОВИ,0,0,0,0
875,MİLANEZ SOS,MILANESE SAUCE,MILANESE SOβE,СОУС МИЛАНЕСЕ,0,0,0,0
876,SOYA SOSLU HİNDİ,TURKEY WITH SOYA SAUCE,TRUTHÄHN MIT SOJBOHNEN SOβE,ИНДЕЙКА С СОЕВЫМ СОУСОМ,0,0,0,0
877,SİGARA BÖREĞİ,PASTRY WITH CHEESE,TEIG MIT KASE,ЛЕПЕШКА СИГАРА БЕРЕК,0,0,0,0
878,PATATESLİ DANA YAHNİ,STEWED BEEF WITH POTATOES,GEDUNSTETES KALBFLEISCH MIT KARTOFFEL,ГОВЯЖИЕ ЯХНИ С КАРТОШКОЙ,0,0,0,0
879,ŞARKÜTERİLİ PİDE,FLAT BREAD WITH HAM,FLATEDBROT MIT SCHINKEN,ПИДЕ C ВЕТЧИНОЙ,0,0,0,0
880,TAVUK PİKATA,CHICKEN  PIKATA,HUNCHEN PIKATA,КУРИЦА PIKATA,0,0,0,0
881, ISPANAK ÇORBASI,SPINACH SOUP ,SPINAT SUPPE ,СУП ИЗ ШПИНАТА,0,0,0,0
882,BROKOLİ ÇORBASI,BROCCOLI SOUP ,BROKKOLI SUPPE ,СУП ИЗ БРОККОЛИ ,0,0,0,0
883,KREMALI KARNABAHAR ÇORBASI,CREAM OF CAULIFLOWER SOUP,BLUMENKOHL SUPPE MIT WURST,СУП ИЗ ЦВЕТНОЙ КАПУСТЫ СО СЛИВКАМИ,0,0,0,0
884,MEKSİKA BÖREĞİ,FLAT BREAD MEXİCAN STYLE,FLADENBROT NACH MEXİCO,ЛЕПЕШКА ПО МЕКСИКАНСКИ,0,0,0,0
885,KIR PİDESİ,FLAT BREAD WITH VEGETABLE,FLADENBROT MIT GEMÜSE,ПИДЕ  С ОВОЩАМИ,0,0,0,0
886,BRÜKSEL LAHANA SOTE,SAUTEED BRUSSEL SPROUTS,SAUTIERTE BRÜKSEL KOHL ,РАГУ ИЗ БРЮССЕЛЬСКОЙ КАПУСТЫ ,0,0,0,0
887,PATATES,POTATO,KARTOFFEL  ,КАРТОФЕЛЬ,0,0,0,0
888,URFA KEBAP,KEBAP URFA STYLE  ,KEBAP NACH URFA ART,URFA КЕБАБ,0,0,0,0
889,KIYMALI  YUMURTA,EGG WITH MINCEDMEAT,Eİ MIT HACKFLEISCH,ОМЛЕТ С ФАРШ.МЯСОМ,0,0,0,0
890,HÜLÜKLÜ ÇORBA,HÜLÜKLÜ SOUP ***ALANYA STYLE***,HÜLÜKLÜ SUPPE ***NACH ALANYA***,"СУП ""УЛУКЛУ""",0,0,0,0
891,PİLİÇ A'LA KİNG,CHICHEN A'LA KİNG,HUNCHEN A'LA KİNG,КУРИЦА ПО КОРОЛЕВСКИ,0,0,0,0
892,KAFKAS ÇORBASI,CAUASIAN SOUP,KAFCAS SUPPE,КАВКАЗСКИЙ СУП,0,0,0,0
893,PİLİÇ GULAŞ,CHICKEN GOULASH,HUNCHEN GULASCH,КУРИНЫЙ  ГУЛЯШ,0,0,0,0
894,PATATES TAVA,FRIED POTATOES,KARTOFFEL GEBRATEN,КАРТОФЕЛЬ ЖАРЕНАЯ,0,0,0,0
895,BULGUR LAPASI,BOILED CRACKED WHEAT ,GEKOCHTE WEIZENGRUTZE REIS,ПЛОВ ИЗ ПШЕНИЧНОЙ  КРУПЫ ,0,0,0,0
896,HİNDİ GULAŞ,TURKEY GOULASH,TRUTHAHN  GULASCH,ИНДЕЙКА ГУЛЯШ,0,0,0,0
897,HİNDİ TANDIR,SLOW ROAST TURKEY,TRUTHAHN İM OFEN,ИНДЕЙКА ,0,0,0,0
898,ADAÇAYI,SAGE,GARTENSALBEI,ШАЛФЕЙ,0,0,0,0
899,"ADAÇAYLI, FESLEĞENLİ HİNDİ GÖĞÜSÜ",BREAST OF TURKEY WITH SAGE & BASIL,TRUTHAHN-BRUST MIT BASILIKUM UND SALBEI,ГРУДИНКА ИНДЕЙКИ С ШАЛФЕЕМ,0,0,0,0
900,ADANA VE BEYTİ ŞİŞ,KEBAP 'ADANA',KEBAP 'ADANA',"КЕБАБ ""АДАНА""",0,0,0,0
901,AHTAPOT SALAT,OCTOPUS SALAD,OCTOPUS-SALAT,САЛАТ ИЗ ОСМИНОГА,0,0,0,0
902,AKDENİZ GARNİTÜRÜ,MIXED VEGETABLES,MISCH-GEMÜSE,САЛАТ ИЗ ОВОЩЕЙ,0,0,0,0
903,ALABALIK (BADEM SOSLU),TROUT (WITH ALMOND SAUCE),FORELLE (MIT MANDEL-SOSSE),ФОРЕЛЬ ( С МИНДАЛЕВЫМ СОУСОМ),0,0,0,0
904,ALABALIK FÜME,SMOKED TROUT,RÄUCHER-FORELLE,КОПЧЕНАЯ ФОРЕЛЬ ,0,0,0,0
905,ALABALIK IZGARA,GRILLED TROUT,GRILL-FORELLE,ЖАРЕННАЯ ФОРЕЛЬ,0,0,0,0
906,ALABALIK TAZE SOĞAN SALAT,TROUT WITH SPRING ONION,FORELLE MIT FRÜHLINGS-ZWIEBELN,ФОРЕЛЬ С ЛУКОМ ,0,0,0,0
907,ALİPAŞA PİLAVI,RICE 'ALI PASHA',REIS 'ALI PASCHA',"ПЛОВ "" АЛИПАША""",0,0,0,0
908,ALMAN CİĞER YEMEĞİ,LIVER GERMAN STYLE,LEBERKÄSE,НЕМЕЦКОЕ БЛЮДО ИЗ ПЕЧЕНИ,0,0,0,0
909,ALMAN PATATES SALATASI,GERMAN POTATO SALAD,KARTOFFEL SALAT,НЕМЕЦКИЙ КАРТОФЕЛЬНЫЙ САЛАТ ,0,0,0,0
910,HAWAİ USULÜ PATATES SALATASI,HAWAII STYLE POTATO SALAD,HAWAII STIL KARTOFFEL SALAT,КАРТОФЕЛЬНЫЙ САЛАТ ПО-ГАВАЙСКИ,0,0,0,0
911,ANÇUEZ,ANCHOVIES,ANCHOVIS,АНЧОУСЫ,0,0,0,0
912,ANÇUEZLİ PATATES,POTATOES WITH ANCHOVIES,KARTOFFELN MIT ANCHOVIS,КАРТОШКА С АНЧОУСАМИ,0,0,0,0
913,ANÇUEZLİ PATATES SALAT,POTATO SALAD WTH ANCHOVIES,KARTOFFEL-SALAT MIT ANCHOVIS,КАРТОФЕЛЬНЫЙ САЛАТ С АНЧОУСАМИ ,0,0,0,0
914,ANDULUS ÇORBASI,ANDALUSIAN SOUP,ANDALUSISCHE SUPPE,АНДУЛУССКИЙ СУП,0,0,0,0
915,ANTALYA PİYAZI,BEANS WITH SESAME OIL 'ANTALYA',BOHNEN MIT SESAM-ÖL 'ANTALYA',"ФАСОЛЬ С МАСЛОМ "" АНТАЛИЯ""",0,0,0,0
916,ANTEP EZME,PUREE OF MIXED VEGETABLES,PÜREE AUS GEMISCHTEM GEMÜSE,ПЮРЕ ИЗ ОВОЩЕЙ,0,0,0,0
917,ANTREKOT IZGARA,GRILLED SIRLOIN STEAK,ENTRECOTE VOM GRILL,ЖАРЕННЫЙ АНТРЕКОТ,0,0,0,0
918,ARAP KADAYIFI,ARABIC SWEET,ARABISCHER DESSERT,АРАБСКИЕ СЛАДОСТИ,0,0,0,0
919,ARMUT SALAT,PEAR SALAD,BIRNEN-SALAT,ГРУШЕВЫЙ САЛАТ,0,0,0,0
920,ARNAVUT CİĞERİ,ALBANIAN STYLE LIVER,LEBER,ПЕЧЕНКА,0,0,0,0
921,ARPA ŞEHRİYE ÇORBA,TOMATO & NOODLE SOUP,SUPPE MIT NUDELN UND TOMATEN,СУП ИЗ ЛАПШИ И ПОМИДОРОВ ,0,0,0,0
922,ARPA ŞEHRİYE PİLAV,RICE WITH BARLEY NOODLES,REIS MIT GERSTEN-NUDELN,ПЛОВ С ЯЧМЕННОЙ ЛАПШОЙ,0,0,0,0
923,AVCI BÖREĞİ,TURKISH PASTRY WITH CHEESE, 'BÖREK' MIT KÄSE,ЛЕПЕШКА С СЫРОМ,0,0,0,0
924,AVOKADO SALATASI,AVOCADO SALAD,AVOKADO-SALAT,"САЛАТ ""АВОКАДО""",0,0,0,0
925,AY BÖREĞİ SEBZE İLE DONDURULMUŞ,TURKISH PASTRY FILLED WITH VEGETABLES,GEFÜLLTES 'BÖREK' MIT GEMÜSE,ЛЕПЕШКА С ОВОЩАМИ,0,0,0,0
926,AYVA DİLİMİ PATATES,POTATO WEDGES,WILDE KARTOFFELN,КАРТОФЕЛЬ С АЙВОЙ,0,0,0,0
927,AYVA TATLISI,QUINCE,QUITTEN,СЛАДКАЯ АЙВА,0,0,0,0
928,B. PEYNİR GRETİNE IZGARA,GRATIN OF WHITE CHEESE,GRATIN AUS WEISSEM KÄSE,ГРАТИН С БЕЛЫМ СЫРОМ,0,0,0,0
929,"B. PEYNİR, FESLEĞEN, DOMATES, VINEGRET SOS","WHITE CHEESE, BASIL & TOMATOES WITH VINAGRETTE","WEISSER KÄSE, BASILIKUM, TOMATEN, VINAIGRETTE","БЕЛЫЙ СЫР,БАЗИЛИК ,ПОМИДОРЫ & ВИНЕГРЕТ",0,0,0,0
930,BABAGANUŞ,STUFFED PEPPERS,GEFÜLLTE PAPRIKA,ФАРШИРОВАННЫЙ ПЕРЕЦ,0,0,0,0
931,BABY PATATES,POTATOES,KARTOFFELN,КАРТОШКА  ,0,0,0,0
932,BADEMLİ ISPANAK,SPINACH WITH ALMOND,SPINAT MIT MANDELN,ШПИНАТ С МИНДАЛЕМ,0,0,0,0
933,BADEMLİ PİLAV,RICE WITH ALMONDS,REIS MIT MANDELN,ПЛОВ С МИНДАЛЕМ,0,0,0,0
934,BAKLA FAVA,PUREE OF BROAD BEANS,PÜRIERTE SAUBOHNEN,ПЮРЕ ИЗ ФАСОЛИ,0,0,0,0
935,BAKLAVA,SWEET PASTRY 'BAKLAVA',SÜSS-GEBÄCK 'BAKLAVA',ПАХЛАВА,0,0,0,0
936,BAL KABAĞI,PUMPKIN,KÜRBIS,ТЫКВА ,0,0,0,0
937,BAL KABAĞI SOTE,SAUTEED PUMPKIN,SAUTIERTER KÜRBIS,СОТЕ ИЗ ТЫКВЫ,0,0,0,0
938,BALIK BELLEVUE,FISH BELLEVUE,FISCH BELLEVUE,"РЫБА ""БЕЛЕВУ""",0,0,0,0
939,BALIK BENYE,FISH IN BATTER,FISCH IM TEIGMANTEL,РЫБА В ТЕСТЕ ,0,0,0,0
940,BALIK BUĞULAMA,STEAMED FISH,GEDÜNSTETER FISCH,ТУШЕНАЯ РЫБА ,0,0,0,0
941,BALIK ÇORBASI,FISH SOUP,FISCH-SUPPE,РЫБНЫЙ СУП,0,0,0,0
942,BALIK FİNGER,FISH FINGER,FISCH,РЫБНЫЕ ПАЛОЧКИ,0,0,0,0
943,BALIK GALANTİNE,GALANTINE OF FISH,FISCH-GALANTINE,ГАЛАНТИН ИЗ РЫБЫ,0,0,0,0
944,BALIK HAŞLAMA SEBZE,BOILED FISH WITH VEGETABLES,KOCH-FISCH MIT GEMÜSE,ВАРЕНАЯ РЫБА С ОВОЩАМИ,0,0,0,0
945,BALIK IZGARA,GRILLED FISH,FISCH VOM GRILL,ЖАРЕНАЯ РЫБА ,0,0,0,0
946,BALIK KÖFTESİ,FISH BALLS,FISCH-'KÖFTE',РЫБНЫЕ КОТЛЕТЫ,0,0,0,0
947,BALIK PATE,FISH PATE,FISCH-PASTETE,РЫБНЫЙ ПАШТЕТ,0,0,0,0
948,BALIK PİLAKİ,FISH WITH OLIVE OIL,FISCH MIT OLIVEN-ÖL,РЫБА С ОЛИВКОВЫМ МАСЛОМ,0,0,0,0
949,BALIK RULO,FISH ROULADE,FISCH-ROULADE,РЫБНЫЙ РУЛЕТ,0,0,0,0
950,BALIK SALAT,FISH SALAD,FISCH-SALAT,РЫБНЫЙ САЛАТ,0,0,0,0
951,BALIK SARMA,STUFFED FISH,GEFÜLLTER FISCH,РЫБНАЯ ДОЛМА,0,0,0,0
952,BALIK TERRİNE,TERRINE OF FISH,FISCH-TERRINE ,ТЕРИН ИЗ РЫБЫ,0,0,0,0
953,BALIK VE DANA,FISH AND BEEF,FISCH UND RINDFLEISCH,РЫБА И ГОВЯДИНА,0,0,0,0
954,BALIK VE TAVUK,FISH AND CHICKEN,FISCH UND HUHN,РЫБА И КУРИЦА,0,0,0,0
955,BALKABAĞI ÇORBASI (ÇÖREOTLU),PUMPKIN SOUP (WITH CUMIN),KÜRBIS-SUPPE (MIT KÜMMEL),СУП ИЗ ТЫКВЫ,0,0,0,0
956,BAMİ GORENG,BAMI GORENG,BAMI GORENG,"""БАМЫ ГОРЕНГ""",0,0,0,0
957,BARBUNYA,BEANS,BOHNEN,ФАСОЛЬ   ,0,0,0,0
958,BARBUNYA,STRIPED MULLET,MEERBARBE,ФАСОЛЬ,0,0,0,0
959,ZEYTİNYAĞLI BARBUNYA PİLAKİ,PILAKI OF BEANS (WITH OLIVE OIL),BOHNEN-PILAKI (MIT OLIVEN-ÖL),ФАСОЛЕВЫЕ ПИЛАКИ( С ОЛИВКОВЫМ МАСЛОМ),0,0,0,0
960,BARBUNYA SALAT,BEAN SALAD,BOHNEN-SALAT,ФАСОЛЕВЫЙ САЛАТ ,0,0,0,0
961,BENYA SOSLU BROKKOLİ,"BROCCOLI WITH ""BENYA"" SAUCE",BROKKOLI,БРОККОЛИ,0,0,0,0
962,BENYA SOSLU KARNABAHAR,CAULIFLOWER WITH 'BENYA' SAUCE,BLUMENKOHL IN 'BENYA'-SOSSE,"ЦВЕТНАЯ КАПУСТА С СОУСОМ "" БЕНЬЕ""",0,0,0,0
963,BENYE SOSLU KABAK KIZARTMA,FRIED COURGETTES,FRITTIERTE ZUCCHINI,"ЖАРЕНЫЕ КАБАЧКИ С СОУСОМ ""БЕНЬЕ""",0,0,0,0
964,BERNEZLİ BROKKOLİ,BROCCOLI WITH BEARNAISE SAUCE,BROKKOLI BERNAISE,"БРОККОЛИ С СОУСОМ "" БАРНЕЗИ""",0,0,0,0
965,BEYAZ LAHANA SALAT,WHITE CABBAGE SALAD,WEISSKOHL-SALAT,САЛАТ ИЗ БЕЛОЙ КАПУСТЫ,0,0,0,0
966,BEYİN SALAT,LAMB'S BRAIN SALAD,LAMMHIRN-SALAT,САЛАТ ИЗ МОЗГОВ ЯГНЕНКА,0,0,0,0
967,BEYİN SÖĞÜŞ,SLICED BRAIN,,МОЗГИ,0,0,0,0
968,BEZELYE ÇORBASI,PEA SOUP,ERBSENSUPPE,ГОРОХОВЫЙ СУП,0,0,0,0
969,BEZELYE PİLAKİ,PILAKI OF PEAS (WITH OLIVE OIL),ERBSEN-PILAKI (MIT OLIVEN-ÖL),ПИЛАКИ ИЗ ГОРОХА ( С ОЛИВКОВЫМ МАСЛОМ),0,0,0,0
970,BEZELYE PİLAV,RICE WITH PEAS,REIS MIT ERBSEN,ПЛОВ С ГОРОХОМ,0,0,0,0
971,BEZELYE PÜRE,PUREED PEAS,PÜRIERTE ERBSEN,ПЮРЕ ИЗ ГОРОХА,0,0,0,0
972,BEZELYE TERİNE,TERRINE OF PEAS,ERBSEN-TERRINE,ТЕРИН ИЗ ГОРОХА,0,0,0,0
973,BİBER DOLMA,STUFFED PEPPERS,FARCIERTE PFEFFERSCHOTE,ПЕРЕЦ ФАРШИРОВАННЫЙ,0,0,0,0
974,BİBER TARATOR,TARATOR OF PEPPERS,PAPRIKA-TARATOR,"ПЕРЕЦ ""ТАРАТОР""",0,0,0,0
975,BİBERLİ HİNDİ BUDU SOTE,SAUTEED TURKEY WITH PEPPERS,SAUTIERTER TRUTHAHN,РАГУ ИЗ ИНДЕЙКИ С ПЕРЦЕМ,0,0,0,0
976,BILDIRCIN,QUAIL,WACHTEL,ПЕРЕПЕЛКА ,0,0,0,0
977,BİLLUR KEBAP,"""BILLUR"" KEBAB",LAMMHODEN,"ШАШЛЫК ""БИЛЛУР""",0,0,0,0
978,BİLLUR KEBAP SOTE,"SAUTEED ""B ILLUR"" KEBAB",SAUTIERTE LAMMHODEN,"РАГУ ""БИЛЛУР""",0,0,0,0
979,BİNBİRADA,COCKTAIL SAUCE,COCKTAIL-SOSSE,"СОУС ""1000 ОСТРОВОВ""",0,0,0,0
980,BONFİRİT,CHIPS,POMMES FRITES,ЧИПСЫ,0,0,0,0
981,BORCH ÇORBASI,BORSCHT SOUP,BORSCHTSCH,БОРЩ,0,0,0,0
982,BÖBREK IZGARA,GRILLED KIDNEYS,NIERCHEN VOM GRILL,ПОЧКИ НА ГРИЛЕ,0,0,0,0
983,BÖBREK SOTE,SAUTEED KIDNEYS,SAUTIERTE NIEREN,РАГУ ИЗ ПОЧЕК,0,0,0,0
984,BÖRÜLCE SALATASI,SALAD WITH BEANS,BLACK EYED PEAS-SALAT,САЛАТ ИЗ ФАСОЛИ,0,0,0,0
985,BROKKOLI,BROCCOLI,BROKKOLI,БРОККОЛИ,0,0,0,0
986,BROKKOLİ ÇORBASI,BROCCOLI SOUP,BROKKOLI-SUPPE,СУП ИЗ БРОККОЛИ,0,0,0,0
987,BROKKOLİ SOTE,BROCCOLİ SAUTEED,SUTIERTE BROKKOLI,РАГУ ИЗ БРОККОЛИ,0,0,0,0
988,BROKOLİ SALAT,BROCCOLI SALAD,BROKKOLI-SALAT,САЛАТ ИЗ БРОККОЛИ,0,0,0,0
989,BROKOLİLİ TAVUK GALANTİNE,GALANTINE OF CHICKEN WITH BROCCOLI,GALANTINE VOM HUHN MIT BROKKOLI,ГАЛАНТИН ИЗ КУРИЦЫ И БРОККОЛИ,0,0,0,0
990,BRÜKSEL LAHANA,BRUSSEL SPROUTS,ROSENKOHL,БРЮССЕЛЬСКАЯ КАПУСТА,0,0,0,0
991,BUDAPEŞTE ET SALAT,MEAT SALAD BUDAPEST,FLEISCH-SALAT BUDAPEST,БУДАПЕШТСКИЙ МЯСНОЙ САЛАТ ,0,0,0,0
992,BUĞDAY ÇORBASI DANA ETLİ,WHEAT SOUP WITH BEEF,WEIZENSUPPE MIT FLEISCHEINLAGE,ПШЕНИЧНЫЙ СУП С МЯСОМ ЯГНЕНКА,0,0,0,0
993,BUHARA PİLAVI,STEAMED RICE,REIS 'BUHARA',"РИС ""БУХАРА""",0,0,0,0
994,BULGUR SALAT,CRACKED WHEAT SALAD,WEIZEN-SALAT,ПШЕНИЧНЫЙ САЛАТ ,0,0,0,0
995,BURGU MAKARNA BOLONEZ,PAST SPIRALS WITH BOLOGNESE SAUCE,NUDELN BOLOGNESE,МАКАРОНЫ БОЛОНЕЗ,0,0,0,0
996,BURGU MAKARNA GORGONZOLA,PASTA SPIRALS WITH GORGONZOLA,NUDELN MIT GORGONZOLA,МАКАРОНЫ С ГОРГОНЗОЛОЙ,0,0,0,0
997,BUYABEZE,FRENCH FISH SOUP,FRANZÖSISCHE FISCH-SUPPE,ФРАНЦУЗСКИЙ РЫБНЫЙ САЛАТ ,0,0,0,0
998,BRÜKSEL LAHANA,BRUSSEL SPROUTS,ROSENKOHL,БРЮССЕЛЬСКАЯ КАПУСТА,0,0,0,0
999,CACIK,"YOGURT, CUCUMBER & GARLIC SAUCE",CACIK,ОКРОШКА,0,0,0,0
1000,CARPACCIO,CARPACCIO,CARPACCIO,КАРПАЧО,0,0,0,0